,acc
0,21.82182182182182
1,25.31265632816408
2,27.542514171390465
3,30.20755188797199
4,31.26625325065013
5,32.85547591265211
6,34.176310901557365
7,35.054381797724716
8,36.00400044449383
9,36.543654365436545
10,37.557959814528594
11,37.9948329027419
12,38.57989076082776
13,39.15993999571398
14,39.7226481765451
15,40.22751421963873
16,40.70827695746809
17,41.13561864548031
18,41.62324332859624
19,41.91209560478024
20,42.440116196009335
21,42.861039138142644
22,43.29318666028958
23,43.693487228634524
24,44.073762950518024
25,44.40555405977153
26,44.74980554835364
27,45.073038322797245
28,45.4429463084934
29,45.758191939731326
30,46.101487144746606
31,46.36394887340229
32,46.68626322009758
33,46.97196976381658
34,47.178490814023256
35,47.45409594710964
36,47.66885591502473
37,47.901260559488406
38,48.175594246006305
39,48.39870996774919
40,48.59874631088563
41,48.83925807757328
42,49.012767738784625
43,49.28293824859656
44,49.5144336540812
45,49.748907584947496
46,49.99042532819847
47,50.180212087751826
48,50.40919202432703
49,50.649012980259606
50,59.85985985985986
51,62.33116558279139
52,61.22040680226742
53,60.99024756189047
54,60.39207841568314
55,60.643440573428904
56,61.294470638662666
57,61.24515564445556
58,61.340148905433935
59,61.546154615461546
60,61.65105918719884
61,61.85515459621635
62,61.520116932071694
63,61.654403885991854
64,61.650776718447894
65,61.87261703856491
66,62.00952997235132
67,62.05344741374521
68,62.24011790094215
69,62.33311665583279
70,62.35535025477404
71,62.44829310423201
72,62.541849645636766
73,62.690112088003666
74,62.81451258050322
75,62.798569175737526
76,62.85788362531946
77,62.96653451908997
78,63.098727542329044
79,63.18543951465049
80,63.266556985709215
81,63.33322916341135
82,63.35646534743477
83,63.46363128327304
84,63.48181376610761
85,63.50731964776799
86,63.531446795859345
87,63.609568672859815
88,63.673427523782664
89,63.75409385234631
90,63.77228712895437
91,63.830091192647444
92,63.89450917463197
93,63.937816768562925
94,64.02142269828218
95,64.11226331007195
96,64.22689844464776
97,64.26383882997563
98,64.3360068572828
99,64.40928818576371
100,66.56656656656656
101,68.53426713356679
102,68.48949649883295
103,68.09202300575144
104,67.8135627125425
105,67.7779629938323
106,67.9239891413059
107,67.85848231028879
108,68.21869096566284
109,68.18681868186819
110,68.09709973633967
111,67.99733311109259
112,68.0206169705362
113,68.11200800057146
114,68.11120741382759
115,68.10425651603225
116,68.20401200070593
117,68.34268570476138
118,68.30885836096637
119,68.53842692134607
120,68.51754845468832
121,68.51675076139824
122,68.56819861733119
123,68.61535897329055
124,68.6947477899116
125,68.75649063425516
126,68.74699062928256
127,68.7381692203293
128,68.78857891651437
129,68.99563318777292
130,69.09577728313816
131,69.08653395418607
132,69.09300281826722
133,69.04026589017325
134,69.13054658704534
135,69.1324759021084
136,69.10997594529582
137,69.02286902286902
138,69.08382266211954
139,69.06422660566514
140,69.00412205175736
141,69.06354913212219
142,69.08532756575734
143,69.08338825882406
144,69.1282028489522
145,69.2449835865997
146,69.24828187833783
147,69.32436092418592
148,69.39325292352905
149,69.44138882777655
150,69.56956956956957
151,71.58579289644823
152,71.92397465821941
153,72.06801700425106
154,72.03440688137627
155,72.01200200033338
156,72.1103014716388
157,72.32154019252407
158,72.25247249694411
159,72.18721872187218
160,71.99745431402854
161,72.14767897324776
162,71.99784598815293
163,72.00514322451603
164,72.08480565371025
165,71.9732483280205
166,71.99835284428495
167,72.03733540752263
168,71.96168219379967
169,72.0086004300215
170,71.96533168246107
171,71.830537751716
172,71.82920996565068
173,71.94049752073003
174,71.9948797951918
175,72.00661563906304
176,72.09896662839364
177,72.10614664809458
178,72.13007345080865
179,72.19907330244341
180,72.07974450788736
181,72.14287946498328
182,72.06582017636899
183,72.09623812465072
184,72.05634446698477
185,72.10478068835245
186,72.0695153923079
187,72.02294797231507
188,72.06595040898485
189,72.08930223255581
190,72.14566208931925
191,72.17314697968999
192,72.1947022023768
193,72.24936930384781
194,72.29716215915909
195,72.27983217026457
196,72.34622013234325
197,72.39734161128357
198,72.46882589440601
199,72.48744974899498
200,72.37237237237237
201,73.78689344672337
202,74.05801933977993
203,74.4186046511628
204,74.2748549709942
205,74.11235205867645
206,74.33919131304472
207,74.25928241030128
208,74.46382931436827
209,74.51745174517451
210,74.69769979089008
211,74.48954079506626
212,74.32110162320178
213,74.40531466533324
214,74.34495633042202
215,74.4546534158385
216,74.45143831990117
217,74.35413078504361
218,74.35128164640244
219,74.27871393569679
220,74.35592171055765
221,74.34883403791082
222,74.42932301404409
223,74.40726696945705
224,74.43497739909597
225,74.5105580983884
226,74.49535167969184
227,74.60266438087075
228,74.64050484499465
229,74.71582386079535
230,74.763702054905
231,74.78358698709334
232,74.81135791993697
233,74.79043501279449
234,74.8107088773965
235,74.7409650268063
236,74.72634395524203
237,74.68354430379746
238,74.74037795840918
239,74.70186754668866
240,74.77011634430109
241,74.78749494035573
242,74.80871648177865
243,74.84488283824632
244,74.90610902464499
245,74.89293245505337
246,74.92287069937659
247,74.95781162107544
248,74.9770403477622
249,74.9714994299886
250,78.27827827827828
251,78.68934467233616
252,77.22574191397132
253,76.89422355588897
254,76.43528705741149
255,76.82947157859643
256,76.72524646378054
257,76.8721090136267
258,76.83075897321925
259,76.76767676767676
260,76.83425765978726
261,76.82306858904909
262,76.73667205169629
263,76.63404528894921
264,76.77845189679311
265,76.92980811300707
266,76.93981998941115
267,76.86538141007834
268,76.86720353702826
269,76.92884644232211
270,76.92271060526691
271,76.92167825810265
272,76.87290751771816
273,76.94070586274428
274,76.95507820312812
275,76.9991153505904
276,76.90655209452201
277,76.95631986856674
278,77.07507155419152
279,77.04923497449914
280,77.03796896674086
281,77.02740710647208
282,77.0417285372284
283,77.0140298244066
284,77.00505728735106
285,76.96880468901914
286,76.90207843455228
287,76.85465406984395
288,76.86607348906382
289,76.86692167304183
290,76.91651015878436
291,76.95659420462393
292,76.94364985232215
293,76.94493056660379
294,76.9550434454099
295,76.97776038609535
296,76.99738292304092
297,77.0286880976687
298,77.0178983244556
299,77.05354107082141
300,79.77977977977977
301,79.58979489744873
302,79.02634211403802
303,78.91972993248312
304,78.99579915983196
305,78.8131355225871
306,79.13987712530361
307,79.30991373921741
308,79.40882320257806
309,79.30793079307931
310,79.00718247113375
311,78.84823735311276
312,78.72144011077775
313,78.67704836059718
314,78.74524968331222
315,78.72367022938934
316,78.7575739749397
317,78.79326629257181
318,78.72519606295069
319,78.75393769688485
320,78.79422829658556
321,78.7399427246693
322,78.69037784251489
323,78.594941455894
324,78.62714508580343
325,78.57994538251471
326,78.64735730952998
327,78.67066680952891
328,78.68892030759682
329,78.73929130971032
330,78.75737927029904
331,78.73058533079158
332,78.70844571047607
333,78.61407688461425
334,78.56224463556102
335,78.53829273035362
336,78.51293278196708
337,78.45206452801389
338,78.47124285238083
339,78.54196354908872
340,78.5385009390473
341,78.53996523726755
342,78.56694341728877
343,78.57451305711493
344,78.58396853263406
345,78.57127328854975
346,78.53358582097492
347,78.53913623200484
348,78.5648686707892
349,78.59157183143662
350,78.37837837837837
351,79.2896448224112
352,79.8599533177726
353,80.0700175043761
354,79.67593518703741
355,79.76329388231372
356,79.76853836262323
357,79.82247780972621
358,79.78664296032892
359,79.74797479747974
360,79.84362214746795
361,79.92332694391199
362,79.80613893376413
363,79.70569326380456
364,79.77865191012734
365,79.69248078004875
366,79.67527501617742
367,79.68220456692039
368,79.68840465287647
369,79.67398369918496
370,79.70379541882947
371,79.67180326378472
372,79.66868124701074
373,79.67831992999709
374,79.71118844753791
375,79.69921920073848
376,79.68813659765176
377,79.72427586699526
378,79.77861305562261
379,79.87599586652888
380,79.86386657634117
381,79.87124597643677
382,79.83272220370314
383,79.84352480955322
384,79.81370896311323
385,79.84110669740826
386,79.79404848779697
387,79.80473170346588
388,79.77127618656888
389,79.79699492487312
390,79.76048196297471
391,79.74237481844806
392,79.71813297983674
393,79.7563580990477
394,79.74843885419676
395,79.75390769364552
396,79.75914381157045
397,79.782912144003
398,79.80366946264209
399,79.85159703194064
400,79.57957957957957
401,81.5407703851926
402,81.79393131043682
403,81.695423855964
404,81.4362872574515
405,81.64694115685948
406,81.45449349907129
407,81.54769346168271
408,81.49794421602401
409,81.66816681668166
410,81.60741885625966
411,81.57346445537128
412,81.4139549196092
413,81.29152082291593
414,81.35209013934262
415,81.26757922370147
416,81.28125183834344
417,81.25451413967443
418,81.27269856308227
419,81.29906495324767
420,81.31815800752416
421,81.27187599436338
422,81.37745119353015
423,81.38672444685196
424,81.3432537301492
425,81.35697526827956
426,81.26226897292493
427,81.21361477195614
428,81.19935170178282
429,81.22270742358079
430,81.18003806574406
431,81.18691209100284
432,81.15700475771993
433,81.10826789023207
434,81.12517500500014
435,81.04114003166755
436,80.99408092110598
437,80.90212900339483
438,80.9328444319085
439,80.9395234880872
440,80.91172955437938
441,80.97811852663159
442,80.96002232610061
443,81.00638650878429
444,80.99957776839486
445,80.98219526511446
446,80.97619098278687
447,80.96835350736474
448,81.02002081675137
449,81.01762035240705
450,81.68168168168168
451,81.89094547273636
452,81.46048682894298
453,81.695423855964
454,81.79635927185437
455,82.08034672445407
456,82.04029147021004
457,82.0852606575822
458,82.13134792754751
459,81.95819581958196
460,82.05291390126375
461,82.00683390282524
462,81.75244249557659
463,81.66297592685191
464,81.8654576971798
465,81.7551096943559
466,81.9107006294488
467,81.88788266014778
468,81.77272488025686
469,81.73908695434771
470,81.75627410829087
471,81.81280967316697
472,81.73833644941084
473,81.69923746822785
474,81.78327133085324
475,81.83776299088426
476,81.7067298788844
477,81.67791706846673
478,81.77178523397359
479,81.89939664655489
480,81.92522339430305
481,81.88380886902716
482,81.91763386769296
483,81.9347627871408
484,81.86805337295351
485,81.9022750631962
486,81.93194410659747
487,81.90215531987684
488,81.93543424190364
489,81.96704917622941
490,81.98492646162101
491,81.9519512369342
492,81.93911486313635
493,81.95640810018409
494,81.97959954665659
495,81.98656492532446
496,81.9911061937488
497,81.99337486197629
498,82.0302455152146
499,82.06564131282626
500,84.78478478478479
501,84.79239619809906
502,84.42814271423808
503,84.59614903725931
504,84.21684336867374
505,84.1140190031672
506,83.9405629375625
507,83.88548568571072
508,83.74263807089676
509,83.82838283828383
510,83.74397672515683
511,83.69864155346279
512,83.72951765520425
513,83.59882848774913
514,83.64557637175811
515,83.67397962372648
516,83.67551032413671
517,83.58797710983943
518,83.56755618716774
519,83.55417770888545
520,83.40873374922616
521,83.46288467657621
522,83.4210183051437
523,83.44514354764782
524,83.40733629345173
525,83.35705219431516
526,83.39568132153043
527,83.41369334619094
528,83.40977275078451
529,83.45944864828827
530,83.4833381721991
531,83.46198318697459
532,83.43586169277857
533,83.36421659460572
534,83.40524014971857
535,83.3828717464374
536,83.33198194545798
537,83.30482381115293
538,83.27393010077182
539,83.24958123953098
540,83.21178565330862
541,83.20912402676254
542,83.20658619967907
543,83.23825541489579
544,83.17295939909776
545,83.1735472510272
546,83.15283303900083
547,83.20381674618221
548,83.22414743158023
549,83.28366567331346
550,85.88588588588588
551,85.14257128564282
552,84.72824274758253
553,85.02125531382846
554,85.05701140228045
555,84.79746624437406
556,84.69781397342477
557,84.78559819977497
558,84.76497388598733
559,84.66846684668467
560,84.50768251659241
561,84.28202350195849
562,84.26032771751673
563,84.17029787841989
564,84.15227681845457
565,84.04900306269141
566,84.08141655391493
567,84.04911383965776
568,84.06758250434234
569,84.0342017100855
570,84.07543216343636
571,84.02200100004546
572,84.0123483629723
573,84.00766698612442
574,84.00736029441178
575,84.03015500596177
576,84.00681506722471
577,84.02800100003572
578,84.10979688954791
579,84.11280376012533
580,84.10916481176812
581,84.11200350010938
582,84.10860935179853
583,84.08188476131652
584,84.04240121146319
585,83.98011055862663
586,83.96443147112085
587,83.93641937945735
588,83.87138131746968
589,83.91709792744818
590,83.92643723017635
591,83.89961665753947
592,83.86241540500941
593,83.86326961976408
594,83.84630769572657
595,83.88008434965978
596,83.9102959637439
597,83.92466509718952
598,83.94252943937632
599,83.94967899357987
600,85.48548548548548
601,84.59229614807404
602,85.62854284761588
603,85.62140535133783
604,85.49709941988398
605,85.53092182030339
606,85.6408058294042
607,85.49818727340917
608,85.49838870985666
609,85.27852785278527
610,85.25320483680335
611,85.34877906492207
612,85.33733364104931
613,85.32752339452819
614,85.29901993466231
615,85.24282767672979
616,85.23442555444439
617,85.29918328796045
618,85.23080162113796
619,85.15425771288564
620,85.12310110005238
621,85.14023364698396
622,85.17326840297405
623,85.20771698820784
624,85.27941117644706
625,85.30712719719989
626,85.2957516945072
627,85.2673309761063
628,85.26500913824614
629,85.36617887262909
630,85.35114035936643
631,85.26828963405106
632,85.26925058335101
633,85.22015353392747
634,85.2224349267122
635,85.18847745770717
636,85.08067785615827
637,85.03118503118503
638,85.01243621631323
639,85.0571264281607
640,85.07036756994073
641,85.05678706635872
642,85.03918695783622
643,85.04056910384327
644,85.09077979510656
645,85.06706667536251
646,85.11670461073639
647,85.12260672097335
648,85.13847221371864
649,85.20170403408068
650,85.38538538538539
651,86.04302151075538
652,86.19539846615538
653,86.54663665916479
654,86.61732346469294
655,86.48108018003
656,86.38376910987284
657,86.47330916364545
658,86.62073563729304
659,86.66866686668666
660,86.52604782252932
661,86.36553046087174
662,86.28356027386722
663,86.24901778698478
664,86.31242082805521
665,86.34914682167636
666,86.32860756515089
667,86.18812156230902
668,86.14663929680509
669,86.08430421521076
670,86.07076527453688
671,85.9993636074367
672,85.97765120222618
673,86.04108504521022
674,86.04344173766951
675,86.0417708373399
676,86.08096596170229
677,86.0602164363013
678,86.08227869926549
679,86.14287142904763
680,86.18987709280944
681,86.1745679552486
682,86.18139943634655
683,86.19077031677402
684,86.23389239692563
685,86.22183949554154
686,86.23476310170545
687,86.19437353614569
688,86.17656862996488
689,86.11715292882322
690,86.16795531598332
691,86.18062334817496
692,86.17874834298472
693,86.22241414577604
694,86.20636014133648
695,86.24100523924433
696,86.22736653971361
697,86.23512989853955
698,86.28951611257372
699,86.3077261545231
700,87.48748748748748
701,87.2936468234117
702,87.19573191063688
703,87.77194298574643
704,87.49749949989997
705,87.33122187031172
706,87.52678954136306
707,87.36092011501438
708,87.18746527391933
709,86.98869886988699
710,86.81698336212384
711,86.6572214351196
712,86.69128394491884
713,86.67761982998786
714,86.67911194079605
715,86.78667416713544
716,86.68745220307076
717,86.70481693427412
718,86.54666035054477
719,86.61433071653583
720,86.54697842754418
721,86.41756443474704
722,86.5037610330884
723,86.48277011542147
724,86.49145965838633
725,86.54563637062964
726,86.50690766324679
727,86.50666095217686
728,86.52367323011138
729,86.52621754058468
730,86.49956450208072
731,86.49645301415669
732,86.47837813267068
733,86.54372187417277
734,86.553901540044
735,86.53295924886802
736,86.50233790102435
737,86.4759598936814
738,86.48170465909382
739,86.51716292907322
740,86.50210980755628
741,86.50444058191862
742,86.49503476825042
743,86.52014818518603
744,86.52858952421165
745,86.49318463444858
746,86.51035128406987
747,86.51638575803662
748,86.51401049001
749,86.51973039460789
750,87.58758758758759
751,88.29414707353676
752,88.19606535511838
753,88.02200550137535
754,87.71754350870174
755,87.54792465410902
756,87.58394056293756
757,87.76097012126516
758,87.40971219024335
759,87.26872687268727
760,87.3170288208019
761,87.37394782898575
762,87.30671590122317
763,87.31337952710908
764,87.35915727715181
765,87.32420776298518
766,87.2639567033355
767,87.24373576309794
768,87.1519553660719
769,87.1793589679484
770,87.24224963093481
771,87.13123323787445
772,87.14726727249011
773,87.12029667902829
774,87.06348253930157
775,87.14565944844033
776,87.12915293159006
777,87.0852530447516
778,87.05472602503535
779,87.03623454115137
780,87.01571018419949
781,87.0214694209194
782,87.03597078699354
783,87.10844436601076
784,87.06534472413497
785,87.14686519069974
786,87.07802913592259
787,87.12071370299219
788,87.13043924203184
789,87.14467861696542
790,87.16066245518184
791,87.17588514012239
792,87.18342287029931
793,87.14516239005432
794,87.09749105535678
795,87.09971955912086
796,87.08695929700632
797,87.10598137461197
798,87.1323904569481
799,87.1377427548551
800,85.88588588588588
801,87.59379689844923
802,87.89596532177393
803,87.67191797949488
804,87.85757151430286
805,87.63127187864644
806,87.52678954136306
807,87.63595449431179
808,87.45416157350817
809,87.65876587658767
810,87.65342303845804
811,87.68230685890491
812,87.61443187937533
813,87.64911779412814
814,87.56583772251483
815,87.65547846740421
816,87.57573974939703
817,87.52708483804656
818,87.62040107374072
819,87.69438471923596
820,87.64226867946093
821,87.59034501568253
822,87.60815687638593
823,87.70782115921497
824,87.68350734029362
825,87.68798799953845
826,87.65880217785843
827,87.69241758634237
828,87.73061140039312
829,87.76959231974399
830,87.70282912352012
831,87.63398856214256
832,87.63295857450225
833,87.64669549104386
834,87.61393182662361
835,87.67187977443818
836,87.607773183059
837,87.6365167504408
838,87.61506705300135
839,87.6471911797795
840,87.63628381180028
841,87.61637181837663
842,87.63459615339892
843,87.62017318575423
844,87.63305851241138
845,87.66929715863388
846,87.6848443583906
847,87.70599387487239
848,87.72423927018919
849,87.7857557151143
850,89.48948948948949
851,88.8944472236118
852,88.69623207735911
853,88.47211802950737
854,88.55771154230847
855,88.3313885647608
856,88.11258751250179
857,88.2485310663833
858,88.29869985553951
859,88.1888188818882
860,88.30802800254568
861,88.41570130844237
862,88.50680821601662
863,88.51346524751769
864,88.49256617107807
865,88.46177886117883
866,88.36402141302429
867,88.39379965553641
868,88.37307226696142
869,88.34441722086105
870,88.40420972427259
871,88.43583799263602
872,88.49949997825992
873,88.48702029251218
874,88.50754030161207
875,88.5803300126928
876,88.52550094447942
877,88.54244794456945
878,88.51684540846236
879,88.56295209840329
880,88.52221039388367
881,88.47776493015407
882,88.532985848056
883,88.4996617547575
884,88.50538586816766
885,88.46634628739687
886,88.44022811427335
887,88.43653780362641
888,88.42278007128388
889,88.41721043026075
890,88.42410790507085
891,88.4640110478821
892,88.4555454778018
893,88.44291915725357
894,88.49752216715927
895,88.512793756386
896,88.5061384284772
897,88.51851080230838
898,88.51609216514623
899,88.5557711154223
900,89.5895895895896
901,89.84492246123061
902,89.42980993664555
903,89.37234308577145
904,89.51790358071614
905,89.48158026337723
906,89.56993856265181
907,89.57369671208902
908,89.55439493277031
909,89.62896289628964
910,89.6263296663333
911,89.76581381781816
912,89.66074313408724
913,89.54211015072505
914,89.48596573104874
915,89.50559409963122
916,89.49938231660686
917,89.44941385632535
918,89.50471077425128
919,89.43947197359869
920,89.4375922662984
921,89.41315514341561
922,89.44301926170704
923,89.5078961623401
924,89.52758110324413
925,89.51113504365553
926,89.5810955961332
927,89.57462766527377
928,89.49274112900444
929,89.5029834327811
930,89.51579083196232
931,89.48717147410856
932,89.46937785993515
933,89.45851348569076
934,89.50827166490471
935,89.51637545487375
936,89.49160788129409
937,89.50235532514013
938,89.49203825739121
939,89.49973749343734
940,89.51681748335325
941,89.52594109383557
942,89.5044070792344
943,89.51567081070024
944,89.55087890842019
945,89.55194678145178
946,89.58275707993788
947,89.54561553365696
948,89.57325659707341
949,89.61979239584792
950,89.48948948948949
951,89.84492246123061
952,89.79659886628876
953,90.39759939984997
954,90.45809161832366
955,90.4984164027338
956,90.44149164166309
957,90.4488061007626
958,90.46560728969885
959,90.44904490449045
960,90.38094372215656
961,90.27418951579298
962,90.3223324871144
963,90.19929994999643
964,90.27935195679711
965,90.21188824301518
966,90.11118301076534
967,90.16056447580421
968,90.13105952944892
969,90.10950547527376
970,90.09952854897853
971,90.13136960770944
972,90.22131397017262
973,90.23709321221718
974,90.22360894435778
975,90.23039347667218
976,90.17000629652951
977,90.19250687524554
978,90.24104279457913
979,90.23300776692557
980,90.17065066615052
981,90.19344354511078
982,90.15121670353648
983,90.1585340745316
984,90.17114774707849
985,90.17194922081168
986,90.14567961296251
987,90.16026737545725
988,90.12025949383317
989,90.10725268131704
990,90.10951486621624
991,90.1211933617467
992,90.10907230400707
993,90.0838655423987
994,90.0686681926265
995,90.06065349246722
996,90.01893657311858
997,90.03520906685556
998,90.01408192003919
999,90.01980039600792
1000,88.58858858858859
1001,89.69484742371185
1002,89.42980993664555
1003,89.89747436859214
1004,89.85797159431887
1005,90.08168028004667
1006,90.0271467352479
1007,89.88623577947243
1008,89.98777641960218
1009,89.91899189918992
1010,89.98090735521411
1011,89.86582215184599
1012,89.9530733133318
1013,90.10643617401243
1014,90.05933728915261
1015,89.90561910119382
1016,89.9699982351903
1017,89.89943885771432
1018,89.8942049581557
1019,89.90449522476123
1020,89.9090432877756
1021,89.91772353288786
1022,89.93869298665159
1023,89.86624442685113
1024,89.90359614384576
1025,89.93422823954768
1026,89.86629134412385
1027,89.80320725740205
1028,89.78930307941653
1029,89.78965965532184
1030,89.81257459918062
1031,89.78093065408294
1032,89.78150853056154
1033,89.7732286243713
1034,89.77113631818052
1035,89.75527097974944
1036,89.7483715776102
1037,89.75762520066317
1038,89.79461011820815
1039,89.78724468111703
1040,89.768043123003
1041,89.7473749374985
1042,89.72069117886463
1043,89.71794813518488
1044,89.73754972332719
1045,89.76716885149678
1046,89.78701674503714
1047,89.80603762578387
1048,89.83652727606686
1049,89.88179763595272
1050,92.49249249249249
1051,92.54627313656829
1052,92.19739913304434
1053,91.6729182295574
1054,91.25825165033007
1055,91.29854975829305
1056,91.09872838976997
1057,90.97387173396675
1058,90.8100900100011
1059,90.7990799079908
1060,90.83553050277298
1061,90.94924577048087
1062,90.82237095161166
1063,90.83505964711765
1064,90.84605640376024
1065,90.70566910431901
1066,90.67003941408318
1067,90.61058947719317
1068,90.59424180220012
1069,90.62953147657383
1070,90.7519405685985
1071,90.70412291467794
1072,90.66915952867517
1073,90.65794408100338
1074,90.6716268650746
1075,90.64964037078349
1076,90.58483647542502
1077,90.48537447765992
1078,90.48243042863547
1079,90.44634821160706
1080,90.43194941772315
1081,90.35282352573518
1082,90.36637473862844
1083,90.33500985323097
1084,90.30829452270065
1085,90.30806411289203
1086,90.29703505500149
1087,90.29448143372194
1088,90.31000794892176
1089,90.31475786894673
1090,90.35586233810581
1091,90.35691325983952
1092,90.3207051326775
1093,90.2997795404441
1094,90.30645125447232
1095,90.31065892736798
1096,90.31468754654354
1097,90.36854934477802
1098,90.40388579358762
1099,90.41580831616632
1100,91.991991991992
1101,92.14607303651826
1102,92.23074358119374
1103,91.62290572643161
1104,91.65833166633327
1105,91.64860810135022
1106,91.65595085012144
1107,91.72396549568695
1108,91.63240360040004
1109,91.53915391539154
1110,91.5810528229839
1111,91.57429785815485
1112,91.56088929917686
1113,91.55653975283948
1114,91.39275951730116
1115,91.28070504406526
1116,91.23477851638332
1117,91.1772876270904
1118,91.20480025264487
1119,91.1095554777739
1120,91.07576551264346
1121,91.07232146915769
1122,91.10396104178443
1123,91.09129547064461
1124,91.09564382575303
1125,91.0996576791415
1126,91.1107818808104
1127,91.08896746312368
1128,91.10658988240974
1129,91.15637187906263
1130,91.1513274621762
1131,91.19034969842808
1132,91.19064214067093
1133,91.23503632459779
1134,91.1911768907683
1135,91.19697769382483
1136,91.16732884672558
1137,91.14450380273165
1138,91.12797764045231
1139,91.11477786944674
1140,91.13636917973609
1141,91.14978928069716
1142,91.10909556036187
1143,91.1066160594559
1144,91.10646903264517
1145,91.11285027935389
1146,91.13810932147493
1147,91.12273172357757
1148,91.13655380722055
1149,91.16582331646633
1150,91.29129129129129
1151,91.69584792396198
1152,91.76392130710236
1153,91.72293073268317
1154,91.75835167033406
1155,91.81530255042507
1156,91.92741820260038
1157,91.93649206150769
1158,91.84353817090788
1159,91.85918591859186
1160,91.80834621329211
1161,91.87432286023835
1162,91.86860527732902
1163,91.94228159154225
1164,91.88612574171611
1165,91.87449215575974
1166,91.9289369962939
1167,91.86621478971054
1168,91.78377809358388
1169,91.78958947947397
1170,91.86151721510548
1171,91.78144461111869
1172,91.81268750815252
1173,91.75382307596149
1174,91.71966878675147
1175,91.75352898188392
1176,91.76265787621763
1177,91.81756491303261
1178,91.83764957412325
1179,91.81972732424414
1180,91.7836059227717
1181,91.83099471858496
1182,91.81793387678414
1183,91.78211123856585
1184,91.85405297294209
1185,91.8775521542265
1186,91.84572556015027
1187,91.77609937103608
1188,91.74337803533425
1189,91.73979349483737
1190,91.77784824020098
1191,91.80456677539941
1192,91.79050675597107
1193,91.74753971681174
1194,91.7309273539412
1195,91.74112480706103
1196,91.73386667801442
1197,91.76024500510427
1198,91.76717892201881
1199,91.77783555671114
1200,92.89289289289289
1201,92.04602301150575
1202,91.86395465155051
1203,92.12303075768942
1204,91.81836367273455
1205,91.76529421570261
1206,92.14173453350479
1207,92.36154519314914
1208,92.5213912656962
1209,92.4992499249925
1210,92.5084098554414
1211,92.38269855821318
1212,92.34556504346489
1213,92.39231373669548
1214,92.3528235215681
1215,92.38702418901181
1216,92.38778751691277
1217,92.36624256903161
1218,92.4048634138639
1219,92.42962148107405
1220,92.42821086718415
1221,92.53147870357743
1222,92.53445801991391
1223,92.62052585524397
1224,92.60370414816593
1225,92.59202277010654
1226,92.58120671135968
1227,92.5961641487196
1228,92.55836408152005
1229,92.51641721390713
1230,92.50620987773799
1231,92.51851620363136
1232,92.53613745871087
1233,92.51154445718991
1234,92.52550072859225
1235,92.45256812689242
1236,92.41060569204573
1237,92.3919050501329
1238,92.41775430139235
1239,92.41231030775769
1240,92.38518012634455
1241,92.37124693445082
1242,92.3719156259448
1243,92.39300893202119
1244,92.39538656414587
1245,92.41287854083784
1246,92.41898763803485
1247,92.41234192379008
1248,92.42841690646748
1249,92.46584931698634
1250,92.89289289289289
1251,92.89644822411205
1252,92.86428809603201
1253,92.69817454363591
1254,92.25845169033806
1255,92.14869144857477
1256,92.07029575653665
1257,92.39904988123516
1258,92.32136904100456
1259,92.34923492349235
1260,92.39930902809347
1261,92.5410450870906
1262,92.49942303254096
1263,92.60661475819701
1264,92.57950530035336
1265,92.59328708044252
1266,92.59368198129302
1267,92.53847435968665
1268,92.57855676614558
1269,92.50462523126156
1270,92.52821562931568
1271,92.56329833174235
1272,92.58663420148702
1273,92.54968957039877
1274,92.51970078803153
1275,92.55355975229817
1276,92.55157598429571
1277,92.5925925925926
1278,92.61353839787579
1279,92.63308776959232
1280,92.69331268750605
1281,92.70289696553017
1282,92.7300827297797
1283,92.71155033971587
1284,92.72836366753336
1285,92.75813217033806
1286,92.7646693153869
1287,92.79454722492697
1288,92.78186620169748
1289,92.78231955798896
1290,92.8120198053611
1291,92.86649682135288
1292,92.88820670248145
1293,92.90892974840337
1294,92.90650903353408
1295,92.89984564881846
1296,92.90835975233516
1297,92.9040188337257
1298,92.90189595706035
1299,92.92785855717115
1300,93.89389389389389
1301,94.29714857428715
1302,94.23141047015672
1303,93.87346836709177
1304,93.59871974394879
1305,93.66561093515585
1306,93.68481211601657
1307,93.76172021502688
1308,93.8770974552728
1309,93.94939493949396
1310,93.90853713973998
1311,93.85782148512376
1312,93.8687591353181
1313,93.77098364168869
1314,93.79291952796854
1315,93.73710856928558
1316,93.66433319607036
1317,93.6663147952664
1318,93.65756092425917
1319,93.6246812340617
1320,93.64255440735273
1321,93.6406200281831
1322,93.6084177572938
1323,93.58723280136672
1324,93.6157446297852
1325,93.64590945805608
1326,93.65532056742842
1327,93.68906032358298
1328,93.69288596158488
1329,93.66645554851829
1330,93.70947449917739
1331,93.73105409544048
1332,93.7846601412164
1333,93.7939351157387
1334,93.82839509700277
1335,93.7998277729937
1336,93.81064353090625
1337,93.83931156083055
1338,93.83830354624477
1339,93.82984574614365
1340,93.80716602843972
1341,93.81175742279578
1342,93.81380962347961
1343,93.82485965590126
1344,93.81097357719061
1345,93.80203917476467
1346,93.81050660652355
1347,93.81445446780141
1348,93.84885405824609
1349,93.90787815756315
1350,94.89489489489489
1351,94.59729864932466
1352,94.76492164054685
1353,94.64866216554138
1354,94.73894778955791
1355,94.64910818469745
1356,94.64209172738963
1357,94.76184523065383
1358,94.83275919546617
1359,94.8994899489949
1360,94.79952722974816
1361,94.73289440786732
1362,94.72267097469036
1363,94.60675762554469
1364,94.58630575371691
1365,94.6684167760485
1366,94.68204012000706
1367,94.61636757597644
1368,94.59971577451445
1369,94.58972948647433
1370,94.58545645030716
1371,94.49065866630302
1372,94.40845254141485
1373,94.41643401808409
1374,94.35977439097564
1375,94.39593830531943
1376,94.34423497166561
1377,94.35694131933283
1378,94.34118417876479
1379,94.34981166038868
1380,94.32239749669344
1381,94.34982343198224
1382,94.34831358526016
1383,94.35571634459838
1384,94.37126775050716
1385,94.35817661601712
1386,94.38363199005379
1387,94.37616779388931
1388,94.34344470371035
1389,94.35735893397334
1390,94.34376448206054
1391,94.34510345484416
1392,94.35800832577502
1393,94.35214436691743
1394,94.38431965154781
1395,94.40857409943695
1396,94.3998808485287
1397,94.39988333090272
1398,94.3998857119533
1399,94.42788855777115
1400,93.5935935935936
1401,93.74687343671836
1402,94.2647549183061
1403,94.09852463115779
1404,93.97879575915184
1405,93.96566094349058
1406,94.0562937562509
1407,93.8742342792849
1408,94.04378264251584
1409,94.10941094109411
1410,94.12673879443585
1411,94.0995082923577
1412,94.01492422494039
1413,94.04243160225731
1414,94.06627108473899
1415,94.16213513344584
1416,94.15259721160068
1417,94.22190121673427
1418,94.2207484604453
1419,94.16470823541177
1420,94.13781608648031
1421,94.14973407882177
1422,94.1997478151224
1423,94.1747572815534
1424,94.19176767070682
1425,94.20746951805839
1426,94.19978517722879
1427,94.14979106396657
1428,94.16531604538088
1429,94.17647254908496
1430,94.19981289719023
1431,94.19981874433576
1432,94.2180066062608
1433,94.22924203653048
1434,94.25697877082203
1435,94.24984027334092
1436,94.2349793237655
1437,94.28142845864365
1438,94.24600630785405
1439,94.2473561839046
1440,94.2657137978975
1441,94.31653134598443
1442,94.36033396125491
1443,94.38396327189254
1444,94.41765372563835
1445,94.43466162307877
1446,94.47009510840657
1447,94.50196879101648
1448,94.56111349211209
1449,94.60189203784076
1450,96.3963963963964
1451,96.44822411205602
1452,96.39879959986662
1453,96.32408102025506
1454,96.1992398479696
1455,96.216036006001
1456,96.24232033147592
1457,96.14951868983623
1458,96.09956661851317
1459,95.96959695969596
1460,95.98145285935085
1461,95.97466455537962
1462,95.98430648511425
1463,95.90685048932066
1464,95.83972264817655
1465,95.81848865554097
1466,95.85857991646567
1467,95.89421634535252
1468,95.9629454181799
1469,96.0198009900495
1470,96.08076575075003
1471,96.07709441338243
1472,95.99547806426366
1473,95.97483228467853
1474,96.02784111364454
1475,96.0344628639563
1476,96.01837105077966
1477,96.04271581127898
1478,96.05158798579261
1479,96.08320277342578
1480,96.05148553179134
1481,96.03112597268665
1482,96.04230431225189
1483,96.04106003117738
1484,96.05417297637075
1485,96.0221117253257
1486,96.0539474039839
1487,96.06305429090239
1488,96.07425831431576
1489,96.06740168504213
1490,96.08283128856802
1491,96.10943117693279
1492,96.12316565501523
1493,96.11582081410941
1494,96.1265805906798
1495,96.11948085827953
1496,96.1467265260963
1497,96.14366965978458
1498,96.1631870038164
1499,96.17192343846877
1500,98.09809809809809
1501,97.49874937468735
1502,97.49916638879627
1503,97.19929982495624
1504,97.11942388477695
1505,97.0828471411902
1506,97.07101014430633
1507,96.94961870233779
1508,97.03300366707411
1509,96.96969696969697
1510,97.09973633966725
1511,97.09975831319277
1512,97.09208400646203
1513,97.00692906636188
1514,97.0331355423695
1515,96.99981248828051
1516,96.98805812106595
1517,96.98316573142952
1518,96.9472077477762
1519,96.89984499224961
1520,96.91890090004286
1521,96.91349606800308
1522,96.9216052871864
1523,96.92070502937622
1524,96.9198767950718
1525,96.89988076464479
1526,96.89618134004964
1527,96.86774527661703
1528,96.87920273112866
1529,96.9065635521184
1530,96.92570728088003
1531,96.92177880558768
1532,96.93930119094519
1533,96.9675578693491
1534,96.98848538529673
1535,97.00825022917303
1536,96.99181058947539
1537,96.99728940235269
1538,97.02812892638273
1539,97.03742593564839
1540,97.06090392448597
1541,97.0832638872354
1542,97.0883043791716
1543,97.09311575263074
1544,97.1110469121536
1545,97.09558903454423
1546,97.11057682078342
1547,97.10618971228567
1548,97.12034939488561
1549,97.13794275885517
1550,97.7977977977978
1551,97.7488744372186
1552,97.8326108702901
1553,97.69942485621405
1554,97.61952390478096
1555,97.7329554925821
1556,97.6710958708387
1557,97.68721090136268
1558,97.63307034114902
1559,97.5897589758976
1560,97.69979089008092
1561,97.75814651220935
1562,97.82290945457343
1563,97.82127294806772
1564,97.83318887925861
1565,97.8311144446528
1566,97.81163597858698
1567,97.83321295627535
1568,97.86304542344334
1569,97.85489274463723
1570,97.83799228534693
1571,97.83171962361925
1572,97.86512457063351
1573,97.90824617692404
1574,97.91191647665907
1575,97.93838224547098
1576,97.92955294640542
1577,97.89278188506732
1578,97.89647918893755
1579,97.87659588652956
1580,97.88702861382625
1581,97.90305947060845
1582,97.92720991545198
1583,97.93817465219566
1584,97.94851281465185
1585,97.95827661879497
1586,97.96751263547664
1587,97.9815258296271
1588,97.9819995384497
1589,97.98994974874371
1590,97.97556037952145
1591,97.97138027095883
1592,97.99297658085072
1593,98.01359121798222
1594,98.02217827062823
1595,98.0477836474706
1596,98.06378859124662
1597,98.07704327173482
1598,98.08567521786159
1599,98.09996199923998
1600,98.29829829829829
1601,98.3991995997999
1602,98.5995331777259
1603,98.77469367341835
1604,98.57971594318863
1605,98.64977496249375
1606,98.58551221603086
1607,98.66233279159896
1608,98.66651850205578
1609,98.65986598659866
1610,98.6544231293754
1611,98.69155762980249
1612,98.6845141933995
1613,98.73562397314093
1614,98.7199146609774
1615,98.74367147946747
1616,98.78228131066534
1617,98.81104505805878
1618,98.83151744828675
1619,98.82994149707486
1620,98.83327777513215
1621,98.83176508023092
1622,98.84342797512936
1623,98.84995208133672
1624,98.87595503820152
1625,98.89611138889957
1626,98.89995925775028
1627,98.91424693739062
1628,98.93099762060761
1629,98.95329844328144
1630,98.97093454627569
1631,98.9687177724304
1632,98.97572653716779
1633,98.98820553545693
1634,98.99139975427869
1635,98.99997222145059
1636,99.0026757479932
1637,99.01839522092686
1638,99.02818020974897
1639,99.03747593689842
1640,99.05363545452327
1641,99.06664444391534
1642,99.07207144352195
1643,99.08179731357531
1644,99.08442409831329
1645,99.08911063283985
1646,99.08508691674291
1647,99.08956436592429
1648,99.09998163227822
1649,99.0979819596392
1650,99.5995995995996
1651,99.44972486243121
1652,99.2330776925642
1653,99.12478119529882
1654,99.17983596719344
1655,99.16652775462578
1656,99.271324474925
1657,99.32491561445181
1658,99.3221469052117
1659,99.33993399339934
1660,99.363578507137
1661,99.37494791232602
1662,99.37687514424186
1663,99.36424030287878
1664,99.37329155277018
1665,99.34370898181136
1666,99.35878581093006
1667,99.36107561531196
1668,99.36838780988474
1669,99.36996849842492
1670,99.38092290109053
1671,99.40906404836583
1672,99.41736597243359
1673,99.42080920038335
1674,99.42397695907836
1675,99.43459363821685
1676,99.42960850401867
1677,99.43569413193329
1678,99.43791165212593
1679,99.43998133271108
1680,99.4515952127488
1681,99.46248320260008
1682,99.4757416891421
1683,99.4735139268802
1684,99.4856995914169
1685,99.48609683602322
1686,99.49187815886916
1687,99.48419695255139
1688,99.48203800097438
1689,99.46998674966873
1690,99.48047513353984
1691,99.47855901330983
1692,99.47208074606387
1693,99.47726084683742
1694,99.47554390097558
1695,99.48694536837758
1696,99.49360624694143
1697,99.49998958311632
1698,99.50611236964019
1699,99.5119902398048
1700,99.49949949949949
1701,99.54977488744372
1702,99.56652217405802
1703,99.62490622655663
1704,99.61992398479696
1705,99.64994165694283
1706,99.65709387055294
1707,99.6624578072259
1708,99.58884320480054
1709,99.5899589958996
1710,99.59087189744523
1711,99.59996666388865
1712,99.6307408262174
1713,99.63568826344739
1714,99.65331022068138
1715,99.64372773298331
1716,99.658803459027
1717,99.66664814711929
1718,99.65787673035423
1719,99.66998349917496
1720,99.67141292442497
1721,99.672712396018
1722,99.67824688029914
1723,99.67498645776908
1724,99.67598703948158
1725,99.6846032539713
1726,99.69258120671135
1727,99.69998928533163
1728,99.70688644436015
1729,99.7099903330111
1730,99.70966805380819
1731,99.71561611300353
1732,99.71817327797812
1733,99.72352128003764
1734,99.7285636732478
1735,99.73332592572015
1736,99.73783075218249
1737,99.74209847627569
1738,99.74871150542322
1739,99.75499387484687
1740,99.76096977975072
1741,99.76428010190719
1742,99.76045954557082
1743,99.76590377054023
1744,99.77110602457833
1745,99.77608208874106
1746,99.78084640098726
1747,99.78124544261338
1748,99.7836690544705
1749,99.7839956799136
1750,100.10010010010011
1751,100.05002501250625
1752,100.0
1753,100.0
1754,100.0
1755,100.0
1756,99.97142448921275
1757,99.97499687460933
1758,99.9666629625514
1759,99.95999599959995
1760,99.95454132193836
1761,99.95832986082173
1762,99.96153550273098
1763,99.96428316308308
1764,99.96666444429628
1765,99.9562472654541
1766,99.95882110712395
1767,99.95555308628258
1768,99.95262908574135
1769,99.9549977498875
1770,99.95714081622934
1771,99.95454338833584
1772,99.95651984868907
1773,99.95416475686487
1774,99.9559982399296
1775,99.95769068041079
1776,99.95185006852105
1777,99.95356977034893
1778,99.95517086796096
1779,99.95666522217407
1780,99.95483725281461
1781,99.95624863276977
1782,99.95454407709325
1783,99.95293979234684
1784,99.95428440812594
1785,99.95555432095335
1786,99.95675558798887
1787,99.9578936287797
1788,99.95897330700787
1789,99.95749893747343
1790,99.9585355740384
1791,99.95952284578205
1792,99.96046419684178
1793,99.95908997931771
1794,99.95999911109136
1795,99.96086871453727
1796,99.96170131279389
1797,99.9604158419967
1798,99.96122369844282
1799,99.9619992399848
1800,100.10010010010011
1801,100.05002501250625
1802,100.03334444814938
1803,100.02500625156289
1804,100.02000400080016
1805,100.01666944490748
1806,100.01428775539362
1807,100.01250156269533
1808,100.0
1809,100.0
1810,99.99090826438767
1811,99.99166597216434
1812,99.9923071005462
1813,99.99285663261662
1814,99.99333288885926
1815,99.99374960935059
1816,99.99411730101771
1817,99.99444413578532
1818,99.99473656508238
1819,99.9949997499875
1820,99.99523786846993
1821,99.99545433883358
1822,99.99565198486891
1823,99.99583315971499
1824,99.9919996799872
1825,99.99230739643832
1826,99.992592318234
1827,99.99285688774599
1828,99.99310321045553
1829,99.99333311110371
1830,99.99354817897351
1831,99.9937498046814
1832,99.9939392102791
1833,99.99411747404335
1834,99.99428555101575
1835,99.99444429011918
1836,99.9945944484986
1837,99.99473670359747
1838,99.99487166337599
1839,99.99499987499688
1840,99.99512183223982
1841,99.9952379818567
1842,99.99534872904022
1843,99.99545444214641
1844,99.99555545678793
1845,99.99347811908954
1846,99.99361688546564
1847,99.99374986978896
1848,99.99387742606991
1849,99.9939998799976
1850,100.10010010010011
1851,100.05002501250625
1852,100.03334444814938
1853,100.02500625156289
1854,100.02000400080016
1855,100.01666944490748
1856,100.01428775539362
1857,100.01250156269533
1858,100.0111123458162
1859,100.0100010001
1860,100.00909173561233
1861,100.00833402783566
1862,100.0076928994538
1863,100.00714336738338
1864,100.00666711114074
1865,100.00625039064941
1866,100.00588269898229
1867,100.00555586421468
1868,100.00526343491762
1869,100.0050002500125
1870,100.00476213153007
1871,100.00454566116642
1872,100.00434801513109
1873,100.00416684028501
1874,100.0040001600064
1875,100.00384630178084
1876,100.00370384088299
1877,100.0
1878,100.0
1879,100.0
1880,100.0
1881,100.0
1882,100.0
1883,100.0
1884,100.0
1885,100.0
1886,100.0
1887,100.0
1888,100.0
1889,100.0
1890,100.0
1891,100.0
1892,100.0
1893,100.0
1894,100.0
1895,100.0
1896,100.0
1897,100.0
1898,100.0
1899,100.0
1900,100.10010010010011
1901,100.05002501250625
1902,100.03334444814938
1903,100.02500625156289
1904,100.02000400080016
1905,100.01666944490748
1906,100.01428775539362
1907,100.01250156269533
1908,100.0111123458162
1909,100.0100010001
1910,100.00909173561233
1911,100.00833402783566
1912,100.0076928994538
1913,100.00714336738338
1914,100.00666711114074
1915,100.00625039064941
1916,100.00588269898229
1917,100.00555586421468
1918,100.00526343491762
1919,100.0050002500125
1920,100.00476213153007
1921,100.00454566116642
1922,100.00434801513109
1923,100.00416684028501
1924,100.0040001600064
1925,100.00384630178084
1926,100.00370384088299
1927,100.003571556127
1928,100.00344839477224
1929,100.00333344444815
1930,100.00322591051324
1931,100.00312509765931
1932,100.00303039486045
1933,100.00294126297833
1934,100.00285722449213
1935,100.00277785494042
1936,100.00270277575069
1937,100.00263164820127
1938,100.002564168312
1939,100.00250006250157
1940,100.00243908388009
1941,100.00238100907164
1942,100.00232563547989
1943,100.0022727789268
1944,100.00222227160603
1945,100.00217396030348
1946,100.00212770484478
1947,100.00208337673702
1948,100.0020408579767
1949,100.0020000400008
1950,100.10010010010011
1951,100.05002501250625
1952,100.03334444814938
1953,100.02500625156289
1954,100.02000400080016
1955,100.01666944490748
1956,100.01428775539362
1957,100.01250156269533
1958,100.0111123458162
1959,100.0100010001
1960,100.00909173561233
1961,100.00833402783566
1962,100.0076928994538
1963,100.00714336738338
1964,100.00666711114074
1965,100.00625039064941
1966,100.00588269898229
1967,100.00555586421468
1968,100.00526343491762
1969,100.0050002500125
1970,100.00476213153007
1971,100.00454566116642
1972,100.00434801513109
1973,100.00416684028501
1974,100.0040001600064
1975,100.00384630178084
1976,100.00370384088299
1977,100.003571556127
1978,100.00344839477224
1979,100.00333344444815
1980,100.00322591051324
1981,100.00312509765931
1982,100.00303039486045
1983,100.00294126297833
1984,100.00285722449213
1985,100.00277785494042
1986,100.00270277575069
1987,100.00263164820127
1988,100.002564168312
1989,100.00250006250157
1990,100.00243908388009
1991,100.00238100907164
1992,100.00232563547989
1993,100.0022727789268
1994,100.00222227160603
1995,100.00217396030348
1996,100.00212770484478
1997,100.00208337673702
1998,100.0020408579767
1999,100.0020000400008
2000,100.10010010010011
2001,100.05002501250625
2002,100.03334444814938
2003,100.02500625156289
2004,100.02000400080016
2005,100.01666944490748
2006,100.01428775539362
2007,100.01250156269533
2008,100.0111123458162
2009,100.0100010001
2010,100.00909173561233
2011,100.00833402783566
2012,100.0076928994538
2013,100.00714336738338
2014,100.00666711114074
2015,100.00625039064941
2016,100.00588269898229
2017,100.00555586421468
2018,100.00526343491762
2019,100.0050002500125
2020,100.00476213153007
2021,100.00454566116642
2022,100.00434801513109
2023,100.00416684028501
2024,100.0040001600064
2025,100.00384630178084
2026,100.00370384088299
2027,100.003571556127
2028,100.00344839477224
